<?xml version="1.0" encoding="UTF-8"?>
<metadata xml:lang="en"><Esri><CreaDate>20241028</CreaDate><CreaTime>09063600</CreaTime><ArcGISFormat>1.0</ArcGISFormat><SyncOnce>TRUE</SyncOnce><DataProperties><lineage><Process ToolSource="c:\program files (x86)\arcgis\desktop10.8\ArcToolbox\Toolboxes\Data Management Tools.tbx\CopyFeatures" Date="20241028" Time="090636">CopyFeatures "Database Connections\gis@storysql2_direct_gis_data.sde\gis_data.dbo.PARCELS" D:\GISDR\Parcels.shp # 0 0 0</Process></lineage></DataProperties></Esri></metadata>
